id,name,dob,email,age
1,John Doe,1997-05-10,johndoe@gmail.com,24
2,Kamal Perera,1987-10-06,kamakp@gmail.com,34
3,Carley Chung,2001-04-26,lcheng@yahoo.ca,20
4,Keshawn Hogan,2002-01-01,avalon@hotmail.com,20
5,Aleah Mccann,2002-01-15,stellaau@aol.com,20
6,Jeremy Burns,2003-08-11,ismail@yahoo.ca,18
7,Carley Munoz,2004-11-24,mhouston@msn.com,17
8,Shaun Blanchard,2006-01-20,denton@outlook.com,16
9,Aidyn Figueroa,2006-01-23,william@mac.com,16
10,Tobias Chan,2006-07-07,unreal@me.com,15
11,Arthur Gates,2006-10-09,rjones@comcast.net,15
12,Hailie Ibarra,2007-04-11,adamk@live.com,14
13,Camden Travis,2007-11-06,simone@yahoo.com,14
14,Braydon Knox,2010-06-22,heckerman@yahoo.ca,11
15,Colby Michael,2010-07-22,thomasj@aol.com,11
16,Isai Welch,2010-09-10,sonnen@att.net,11
17,Shamar Friedman,2011-02-18,cgcra@verizon.net,11
18,Jason Salinas,2011-05-09,gfody@sbcglobal.net,10
19,Mariah Mcdonald,2011-10-31,delpino@optonline.net,10
20,June Stevenson,2012-03-08,warrior@yahoo.ca,10
21,Marilyn Rose,2012-03-29,dieman@verizon.net,10
22,Tanya Stevenson,2012-08-14,adamk@aol.com,9
23,Scarlet Callahan,2013-08-05,hauma@live.com,8
24,Christine Perry,2013-10-18,dwsauder@att.net,8
25,Keshawn Crawford,2014-06-24,elflord@att.net,7
26,Raphael Liu,2015-01-15,gospodin@optonline.net,7
27,Noemi Kelly,2015-07-31,shazow@yahoo.ca,6
28,Waylon Snyder,2000-10-13,lridener@comcast.net,21
29,Eve Heath,2001-07-27,sartak@msn.com,20
30,Shaylee Palmer,2002-02-19,budinger@comcast.net,20
31,Alden Young,2002-04-01,tbusch@hotmail.com,20
32,Alina Ellison,2002-10-04,credmond@icloud.com,19
33,Gordon Peck,2003-04-07,wonderkid@msn.com,19
34,Mohammed Romero,2003-11-26,cliffordj@live.com,18
35,Brady Gallagher,2004-01-29,singer@msn.com,18
36,Kash Wilson,2004-01-30,violinhi@me.com,18
37,Zion Underwood,2004-11-30,crobles@icloud.com,17
38,Eddie Santiago,2006-08-09,mschilli@verizon.net,15
39,Miles Crawford,2007-01-15,keijser@icloud.com,15
40,Hamza Mccarty,2008-07-10,jbearp@gmail.com,13
41,Giovanni Weiss,2009-01-05,sethbrown@verizon.net,13
42,Emilie Shelton,2009-06-10,evans@me.com,12
43,Blake Murillo,2009-10-16,gward@yahoo.ca,12
44,Amira Rhodes,2010-03-17,crusader@outlook.com,12
45,Meghan Nixon,2010-11-02,madanm@comcast.net,11
46,Clay Martin,2011-03-28,rwelty@icloud.com,11
47,Tamia Lindsey,2011-04-25,ribet@hotmail.com,10
48,Nash Wall,2011-12-14,teverett@mac.com,10
49,Cecelia Contreras,2012-10-10,scottlee@optonline.net,9
50,Alina Armstrong,2013-02-18,mddallara@yahoo.ca,9
51,Armando Holmes,2014-04-03,tjensen@verizon.net,8
52,Kara Rowe,2014-04-04,cyrus@yahoo.ca,8
53,Jase Gallagher,2002-11-01,chronos@yahoo.com,19
54,Jaden Meadows,2002-12-27,jpflip@verizon.net,19
55,Ayaan Castaneda,2003-01-14,stevelim@icloud.com,19
56,Tianna Atkins,2004-04-12,heine@verizon.net,17
57,Chance Riggs,2004-06-15,elflord@me.com,17
58,Justus Casey,2004-06-21,lushe@comcast.net,17
59,Leah Jimenez,2004-11-04,bader@comcast.net,17
60,Quentin Leblanc,2005-05-02,mgemmons@aol.com,16
61,Callum Compton,2005-08-22,imightb@hotmail.com,16
62,Allie Logan,2006-01-26,elflord@sbcglobal.net,16
63,Rayna Haley,2006-02-17,marcs@msn.com,16
64,Jazlyn Valentine,2006-04-26,pontipak@hotmail.com,15
65,Raven Cortez,2006-08-09,hamilton@verizon.net,15
66,Helen Whitehead,2007-07-24,fmerges@gmail.com,14
67,Daisy Edwards,2007-08-10,matsn@gmail.com,14
68,Leah Bright,2007-10-31,bigmauler@aol.com,14
69,Declan Haas,2008-06-27,druschel@yahoo.com,13
70,Meredith Schwartz,2010-07-22,kaiser@yahoo.com,11
71,Mckinley Grimes,2010-11-15,dbanarse@yahoo.com,11
72,Aubree Lowery,2011-11-10,purvis@outlook.com,10
73,Marley Ingram,2013-02-07,thrymm@yahoo.ca,9
74,Gerardo Price,2013-03-06,pierce@att.net,9
75,Kylan Blackwell,2013-03-25,pjacklam@aol.com,9
76,Shaniya Bautista,2013-05-31,engelen@verizon.net,8
77,Lia Zavala,2013-07-12,ajlitt@aol.com,8
78,Kallie Silva,2000-04-20,skajan@icloud.com,21
79,Jameson Lutz,2000-06-08,munjal@hotmail.com,21
80,Clayton Nixon,2000-09-06,unreal@gmail.com,21
81,Damien Arellano,2001-07-09,hikoza@yahoo.com,20
82,Yurem Fowler,2002-10-25,scottlee@msn.com,19
83,Donald Salazar,2002-12-24,empathy@verizon.net,19
84,Armani Skinner,2003-04-14,burniske@yahoo.ca,18
85,Kinsley Norris,2003-06-20,subir@live.com,18
86,Shyla Howard,2004-05-05,jbryan@aol.com,17
87,Alvin Wagner,2004-10-19,dgriffith@verizon.net,17
88,Hugo Harrison,2005-05-05,mbalazin@gmail.com,16
89,Skyla Koch,2005-11-15,jtorkbob@optonline.net,16
90,Libby Mcneil,2006-05-04,eabrown@yahoo.com,15
91,Greta Cisneros,2006-07-21,kannan@yahoo.com,15
92,Susan Hutchinson,2008-08-01,iamcal@sbcglobal.net,13
93,Kailee Hodge,2008-10-23,studyabr@yahoo.com,13
94,Scott Ferguson,2008-12-04,kmself@me.com,13
95,Arjun Avery,2010-03-12,arjun@gmail.com,12
96,Kathleen Rush,2010-06-15,raines@icloud.com,11
97,Jose Rollins,2012-03-28,jespley@live.com,10
98,Aarav Reed,2012-10-25,peterhoeg@yahoo.ca,9
99,Bradley Crane,2014-01-20,gboss@mac.com,8
100,Moshe Wheeler,2015-04-06,stomv@sbcglobal.net,7
101,Joe Moreno,2015-08-13,kramulous@aol.com,6
